{
  "project_info": {
    "project_number": "427158075444",
    "firebase_url": "https://attendance-manager-55431.firebaseio.com",
    "project_id": "attendance-manager-55431",
    "storage_bucket": "attendance-manager-55431.appspot.com"
  },
  "client": [
    {
      "client_info": {
        "mobilesdk_app_id": "1:427158075444:android:e1b8466cdd029275157261",
        "android_client_info": {
          "package_name": "com.example.attendancemanagementsystem"
        }
      },
      "oauth_client": [
        {
          "client_id": "427158075444-baqqnvmkq4a3d1cg04s9plg5nkb3b51s.apps.googleusercontent.com",
          "client_type": 1,
          "android_info": {
            "package_name": "com.example.attendancemanagementsystem",
            "certificate_hash": "b5ff84dbd6cecd06ba4f702df06dda22a399f11b"
          }
        },
        {
          "client_id": "427158075444-1bnaredijihvv4umsp61g7rgg444din5.apps.googleusercontent.com",
          "client_type": 3
        }
      ],
      "api_key": [
        {
          "current_key": "AIzaSyBmjUSnPk0ROrZ0x-ICQUaGAN2BHElDGeY"
        }
      ],
      "services": {
        "appinvite_service": {
          "other_platform_oauth_client": [
            {
              "client_id": "427158075444-1bnaredijihvv4umsp61g7rgg444din5.apps.googleusercontent.com",
              "client_type": 3
            }
          ]
        }
      }
    }
  ],
  "configuration_version": "1"
}